Christian Geier
David Soulayrol - david.soulayrol [at] gmail [dot] com - http://david.soulayrol.name
Aaron Bishop - abishop [at] linux [dot] com
Thomas Dwyer - github [at] tomd [dot] tel - http://tomd.tel
Thomas Tschager - github [at] tschager [dot] net - https://thomas.tschager.net
Patrice Peterson - runiq [at] archlinux [dot] us
Eric Scheibler - email [at] eric-scheibler [dot] de - http://eric-scheibler.de
Pierre David - pdagog [at] gmail [dot] com
Markus Unterwaditzer - markus [at] unterwaditzer [dot] net - https://unterwaditzer.net
Hugo Osvaldo Barrera - hugo@barrera.io - https://hugo.barrera.io
Bradley Jones - caffeinatedbrad [at] gmail [dot] com - http://caffeinatedbrad.com
Micah Nordland - micah [at] rehack [dot] me - https://w3.thoughtfuldragon.com/
Thomas Glanzmann - thomas [at] glanzmann [dot] de - https://thomas.glanzmann.de/
John Shea - coachshea [at] fastmail [dot] com
Dominik Joe Pantůček - joe [at] joe [dot] cz - http://joe.cz/
Thomas Schaper - libreman [at] libremail [dot] nl
Oliver Kiddle - okiddle [at] yahoo [dot] co [dot] uk
Filip Pytloun - filip [at] pytloun [dot] cz - https://fpy.cz
Sebastian Hamann
Lucas Hoffmann
Johannes Wienke - languitar [at] semipol [dot] de - https://www.semipol.de
Laurent Arnoud - laurent [at] spkdev [dot] net - http://spkdev.net/
Julian Mehne
Stephan Weller
Max Voit - max.voit+dvkh [at] with-eyes [dot] net
Taylor L Money - - http://taylorlmoney.com
Troy Sankey - sankeytms [at] gmail [dot] com
Paweł Fertyk - pfertyk [at] openmailbox [dot] org
Moritz Kobel - moritz [at] kobelnet [dot] ch - http://www.kobelnet.ch
